<?xml version="1.0" encoding="UTF-8"?>
<templates xml:space="preserve" id="bienvenidoNuevoIngreso" name="owl.BienvenidoNuevoIngreso">
    <t t-name="owl.BienvenidoNuevoIngreso" owl="1">
        <section class="father-container-bienvenido-nuevoIngreso">
            <article class="son-container-bienvenido-nuevoIngreso">
                <div class="information-container-father-container-bienvenido-nuevoIngreso">
                    <p class="p-container-information-container-father-container-bienvenido-nuevoIngreso">
                        <span class="span-title-information-container-bienvenido-nuevoIngreso">BIENVENIDO NUEVO INGRESO 2024</span><br/><span class="span-description-information-container-bienvenido-nuevoIngreso">Favor de rellenar los siguientes apartados para el proceso de matricula en linea</span>
                    </p>
                    <div class="btn-container-father-container-bienvenido-nuevoIngreso">
                        <button class="btn-father-container-bienvenido-nuevoIngreso" t-on-click="toFormNewStudent">Comenzar</button>
                    </div>
                </div>
            </article>
        </section>
    </t>
</templates>
