<?xml version="1.0" encoding="UTF-8"?>
<templates xml:space="preserve" id="login" name="owl.Login">
    <t t-name="owl.Login" owl="1">
        <section class="father-container-login-student">
            <article class="son-container-login-student">
                <div class="first-container-login-student">
                    <div class="img-first-container-login-student">
                        <img class="img-first-login-student" src="/unm_system/static/src/img/unm_logo.png" alt=""/>
                    </div>
                    <div class="fields-first-container-login-student">
                        <p class="span-first-container-login-student">
                            <span class="span1-first-container-login-student">SISTEMA DE MATRICULA</span>
                            <br/>
                            <span class="span2-first-container-login-student">UNIFICADA</span>
                            <span class="span3-first-container-login-student"> UNMRMA</span>
                            <br/>
                            <span class="span4-first-container-login-student">Iniciar Sesión</span>
                        </p>
                        <div class="btn-first-container-login-student">
                            <div class="input-container">
                                <img class="img-first-btn-container-student" src="/unm_system/static/src/img/login/icon/user_icon.png" alt="User Icon"/>
                                <input class="input-first-login-student" id="usernameReingreso" name="username" type="text" placeholder="Usuario" required="true"/>
                            </div>

                            <div class="input-container">
                                <img class="img-first-btn-container-student" src="/unm_system/static/src/img/login/icon/lock_icon.png" alt="Lock Icon"/>
                                <input class="input-first-login-student" id="passwordReingreso" name="password" type="password" placeholder="Contraseña" required="true"/>
                            </div>
                        </div>
                        <div class="btn-signIn-container-student">
                            <button class="signIn-container-student" t-on-click="toReingreso">Entrar</button>
                        </div>
                    </div>
                </div>

                <div class="card-father-container-login-student">
                    <div class="img-container-card-father-container-login-student">
                        <img class="img-card-father-container-login-student" src="/unm_system/static/src/img/login/back_cover.jpeg" alt=""/>
                    </div>
                </div>
            </article>
        </section>
    </t>
</templates>