<?xml version="1.0" encoding="UTF-8"?>
<templates xml:space="preserve" id="nuevoIngresoForm" name="owl.NuevoIngresoForm">
    <t t-name="owl.NuevoIngresoForm" owl="1">
        <section class="father-container-nuevoIngresoForm">
            <article class="son-container-nuevoIngresoForm">
                <div class="scroll-container-nuevoIngresoForm">
                    <div class="margin-container-nuevoIngresoForm">
                        <!-- student personal information -->
                        <div class="title-container-nuevoIngresoForm">
                            <span class="title-container-nuevoIngresoForm">Datos Personales</span>
                            <div class="hr-container-nuevoIngresoForm">
                                <hr class="hr-line-title-container-nuevoIngresoForm"/>
                            </div>
                        </div>

                        <!-- inputs personal information -->
                        <div class="personal-information-inputs-container-nuevoIngresoForm">
                            <div class="inputs-container-personal-information-nuevoIngresoForm">
                                <div class="inpt-margin-nuevoIngresoForm">
                                    <span class="span-inputs-container-personal-information-nuevoIngresoForm">Primer Nombre</span>
                                    <input class="data-student-input-container-nuevoIngresoForm" id="primerNombreNuevoIngresoForm" name="primerNombreNuevoIngresoForm" type="text" placeholder="Ingrese su Primer Nombre"/>
                                </div>
                                <div class="inpt-margin-nuevoIngresoForm">
                                    <span class="span-inputs-container-personal-information-nuevoIngresoForm">Segundo Nombre</span>
                                    <input class="data-student-input-container-nuevoIngresoForm" id="segundoNombreNuevoIngresoForm" name="segundoNombreNuevoIngresoForm" type="text" placeholder="Ingrese su Segundo Nombre"/>
                                </div>

                                <div class="inpt-margin-nuevoIngresoForm">
                                    <span class="span-inputs-container-personal-information-nuevoIngresoForm">Primer Apellido</span>
                                    <input class="data-student-input-container-nuevoIngresoForm" id="primerApellidoNuevoIngresoForm" name="primerApellidoNuevoIngresoForm" type="text" placeholder="Ingrese su Primer Apellido"/>
                                </div>
                            </div>

                            <div class="inputs-container-personal-information-nuevoIngresoForm">
                                <div class="inpt-margin-nuevoIngresoForm">
                                    <span class="span-inputs-container-personal-information-nuevoIngresoForm">Segundo Apellido</span>
                                    <input class="data-student-input-container-nuevoIngresoForm" id="segundoApellidoNuevoIngresoForm" name="segundoApellidoNuevoIngresoForm" type="text" placeholder="Ingrese su Segundo Apellido"/>
                                </div>

                                <div class="inpt-margin-nuevoIngresoForm">
                                    <span class="span-inputs-container-personal-information-nuevoIngresoForm">Tipo de Documento</span>
                                    <input class="data-student-input-container-nuevoIngresoForm" id="tipoDocumentoNuevoIngresoForm" name="tipoDocumentoNuevoIngresoForm" type="text" placeholder="Ingrese su Tipo de Documento"/>
                                </div>

                                <div class="inpt-margin-nuevoIngresoForm">
                                    <span class="span-inputs-container-personal-information-nuevoIngresoForm">Número de Cédula</span>
                                    <input class="data-student-input-container-nuevoIngresoForm" id="numeroCedulaNuevoIngresoForm" name="numeroCedulaNuevoIngresoForm" type="text" placeholder="Ingrese su Número de Cédula"/>
                                </div>
                            </div>

                            <div class="inputs-container-personal-information-nuevoIngresoForm">
                                <div class="inpt-margin-nuevoIngresoForm">
                                    <span class="span-inputs-container-personal-information-nuevoIngresoForm">Sexo</span>
                                    <input class="data-student-input-container-nuevoIngresoForm" id="sexoStudentNuevoIngresoForm" name="sexoStudentNuevoIngresoForm" type="text" placeholder="Ingrese su Sexo"/>
                                </div>

                                <div class="inpt-margin-nuevoIngresoForm">
                                    <span class="span-inputs-container-personal-information-nuevoIngresoForm">Fecha de Nacimiento</span>
                                    <input class="data-student-input-container-nuevoIngresoForm" id="fechaNacimientoStudentNuevoIngresoForm" name="fechaNacimientoStudentNuevoIngresoForm" type="date" placeholder="Ingrese su Fecha de Nacimiento"/>
                                </div>

                                <div class="inpt-margin-nuevoIngresoForm">
                                    <span class="span-inputs-container-personal-information-nuevoIngresoForm">Edad</span>
                                    <input class="data-student-input-container-nuevoIngresoForm" id="edadStudentNuevoIngresoForm" name="edadStudentNuevoIngresoForm" type="text" placeholder="Ingrese su Edad"/>
                                </div>    
                            </div>

                            <div class="inputs-container-personal-information-nuevoIngresoForm">
                                <div class="inpt-margin-nuevoIngresoForm">
                                    <span class="span-inputs-container-personal-information-nuevoIngresoForm">Nacionalidad</span>
                                    <input class="data-student-input-container-nuevoIngresoForm" id="nacionalidadStudentNuevoIngresoForm" name="nacionalidadStudentNuevoIngresoForm" type="text" placeholder="Ingrese su Nacionalidad"/>
                                </div>

                                <div class="inpt-margin-nuevoIngresoForm">
                                    <span class="span-inputs-container-personal-information-nuevoIngresoForm">País de Procedencia</span>
                                    <input class="data-student-input-container-nuevoIngresoForm" id="paisProcedenciaStudentNuevoIngresoForm" name="paisProcedenciaStudentNuevoIngresoForm" type="text" placeholder="Ingrese su Pais de Procedencia"/>
                                </div> 

                                <div class="inpt-margin-nuevoIngresoForm">
                                    <span class="span-inputs-container-personal-information-nuevoIngresoForm">Etnia</span>
                                    <input class="data-student-input-container-nuevoIngresoForm" id="etniaStudentNuevoIngresoForm" name="etniaStudentNuevoIngresoForm" type="text" placeholder="Ingrese su Etnia"/>
                                </div>
                            </div>

                            <div class="inputs-container-personal-information-nuevoIngresoForm">
                                <div class="inpt-margin-nuevoIngresoForm">
                                    <span class="span-inputs-container-personal-information-nuevoIngresoForm">Departamento de Procedencia</span>
                                    <input class="data-student-input-container-nuevoIngresoForm" id="departamentoProcedenciaStudentNuevoIngresoForm" name="departamentoProcedenciaStudentNuevoIngresoForm" type="text" placeholder="Ingrese su Sexo"/>
                                </div>

                                <div class="inpt-margin-nuevoIngresoForm">
                                    <span class="span-inputs-container-personal-information-nuevoIngresoForm">Municipio de Procedencia</span>
                                    <input class="data-student-input-container-nuevoIngresoForm" id="municipioProcedenciaStudentNuevoIngresoForm" name="municipioProcedenciaStudentNuevoIngresoForm" type="text" placeholder="Ingrese su Municipio de Procedencia"/>
                                </div>

                                <div class="inpt-margin-nuevoIngresoForm">
                                    <span class="span-inputs-container-personal-information-nuevoIngresoForm">Celular</span>
                                    <input class="data-student-input-container-nuevoIngresoForm" id="celularStudentNuevoIngresoForm" name="celularStudentNuevoIngresoForm" type="tel" placeholder="Ingrese su Celular"/>
                                </div>
                            </div>

                            <div class="inputs-container-personal-information-nuevoIngresoForm">
                                <div class="inpt-margin-nuevoIngresoForm">
                                    <span class="span-inputs-container-personal-information-nuevoIngresoForm">Correo Personal</span>
                                    <input class="data-student-input-container-nuevoIngresoForm" id="correoPersonalStudentNuevoIngresoForm" name="correoPersonalStudentNuevoIngresoForm" type="email" placeholder="Ingrese su Correo Personal"/>
                                </div>

                                <div class="inpt-margin-nuevoIngresoForm">
                                    <span class="span-inputs-container-personal-information-nuevoIngresoForm">Zona de Procedencia</span>
                                    <input class="data-student-input-container-nuevoIngresoForm" id="zonaProcedenciaStudentNuevoIngresoForm" name="zonaProcedenciaStudentNuevoIngresoForm" type="text" placeholder="Ingrese su Zona de Procedencia"/>
                                </div>

                                <div class="inpt-margin-nuevoIngresoForm">
                                    <span class="span-inputs-container-personal-information-nuevoIngresoForm">Estado Civil</span>
                                    <input class="data-student-input-container-nuevoIngresoForm" id="estadoCivilStudentNuevoIngresoForm" name="estadoCivilStudentNuevoIngresoForm" type="text" placeholder="Ingrese su Estado Civil"/>
                                </div>
                            </div>

                            <div class="inputs-container-personal-information-nuevoIngresoForm">
                                <div class="inpt-margin-nuevoIngresoForm">
                                    <span class="span-inputs-container-personal-information-nuevoIngresoForm">Número de Hijos</span>
                                    <input class="data-student-input-container-nuevoIngresoForm" id="numeroHijosStudentNuevoIngresoForm" name="numeroHijosStudentNuevoIngresoForm" type="text" placeholder="Ingrese su Número de Hijos"/>
                                </div>

                                <div class="inpt-margin-nuevoIngresoForm">
                                    <!-- aqui va la funciona para mostrar o no el input de ocupacion si en un caso el estudiante trabaja -->
                                    <span class="span-inputs-container-personal-information-nuevoIngresoForm">Condición Laboral</span>
                                    <select class="data-student-input-container-nuevoIngresoForm" id="condicionLaboralNuevoIngresoForm" name="condicionLaboralNuevoIngresoForm">
                                        <option value="trabajaNuevoIngresoForm">Trabaja</option>
                                        <option value="no_trabajaNuevoIngresoForm">No trabaja</option>
                                    </select>
                                </div>

                                <div class="inpt-margin-nuevoIngresoForm">
                                    <span class="span-inputs-container-personal-information-nuevoIngresoForm">Ocupación</span>
                                    <input class="data-student-input-container-nuevoIngresoForm" id="ocupacionStudentNuevoIngresoForm" name="ocupacionStudentNuevoIngresoForm" type="text" placeholder="Ingrese su Ocupación"/>
                                </div>
                            </div>

                            <div class="inputs-container-personal-information-nuevoIngresoForm">
                                <div class="inpt-margin-nuevoIngresoForm">
                                    <span class="span-inputs-container-personal-information-nuevoIngresoForm">Discapacidad</span>
                                    <input class="data-student-input-container-nuevoIngresoForm" id="discapacidadStudentNuevoIngresoForm" name="discapacidadStudentNuevoIngresoForm" type="text" placeholder="Ingrese su Discapacidad"/>
                                </div>

                                <div class="inpt-margin-nuevoIngresoForm">
                                    <!-- aqui va la funciona para mostrar o no el input de nombre de idioma -->
                                    <span class="span-inputs-container-personal-information-nuevoIngresoForm">Dominio de Idioma</span>
                                    <select class="data-student-input-container-nuevoIngresoForm" id="dominioDeIdiomaNuevoIngresoForm" name="dominioDeIdiomaNuevoIngresoForm">
                                        <option value="dominioSinuevoIngresoForm">Si</option>
                                        <option value="dominioNonuevoIngresoForm">No</option>
                                    </select>
                                </div>

                                <div class="inpt-margin-nuevoIngresoForm">
                                    <span class="span-inputs-container-personal-information-nuevoIngresoForm">Nombre del Idioma</span>
                                    <input class="data-student-input-container-nuevoIngresoForm" id="nombreIdiomaStudentNuevoIngresoForm" name="nombreIdiomaStudentNuevoIngresoForm" type="text" placeholder="Ingrese el Idioma"/>
                                </div>
                            </div>

                            <div class="inputs-container-personal-information-nuevoIngresoForm">
                                <div class="inpt-margin-nuevoIngresoForm">
                                    <span class="span-inputs-container-personal-information-nuevoIngresoForm">Nivel Alcanzado</span>
                                    <select class="data-student-input-container-nuevoIngresoForm" id="nivelAlcanzadoIdiomaNuevoIngresoForm" name="nivelAlcanzadoIdiomaNuevoIngresoForm">
                                        <option value="nivelBasicoNuevoIngresoForm">Basico</option>
                                        <option value="nivelMedioNuevoIngresoForm">Medio</option>
                                        <option value="nivelAvanzadoNuevoIngresoForm">Avanzado</option>
                                    </select>
                                </div>

                                <div class="inpt-margin-nuevoIngresoForm">
                                    <span class="span-inputs-container-personal-information-nuevoIngresoForm">Dispositivo Inteligente</span>
                                    <input class="data-student-input-container-nuevoIngresoForm" id="dispositivoInteligenteStudentNuevoIngresoForm" name="dispositivoInteligenteStudentNuevoIngresoForm" type="text" placeholder="Ingrese su Dispositivo Inteligente"/>
                                </div>

                                <div class="inpt-margin-nuevoIngresoForm">
                                    <span class="span-inputs-container-personal-information-nuevoIngresoForm">Tipo de Conexión</span>
                                    <select class="data-student-input-container-nuevoIngresoForm" id="tipoConexionNuevoIngresoForm" name="tipoConexionNuevoIngresoForm">
                                        <option value="conexionAmbasNuevoIngresoForm">Ambas</option>
                                        <option value="conexionMovilNuevoIngresoForm">Móvil</option>
                                        <option value="conexionFijaNuevoIngresoForm">Fija</option>
                                    </select>
                                </div>
                            </div>

                            <div class="inputs-container-personal-information-nuevoIngresoForm">
                                <div class="inpt-margin-nuevoIngresoForm">
                                    <span class="span-inputs-container-personal-information-nuevoIngresoForm">Empresa de Internet</span>
                                    <input class="data-student-input-container-nuevoIngresoForm" id="empresaInternetStudentNuevoIngresoForm" name="empresaInternetStudentNuevoIngresoForm" type="text" placeholder="Ingrese su Empresa de Internet"/>
                                </div> 
                            </div>

                            <div class="inscription-title-personal-information-nuevoIngresoForm">
                                <span class="title-personal-information-nuevoIngresoForm">Inscripción de Asignaturas - Nuevo Ingreso 2024 (3) Opciónes</span>
                            </div>

                            <section class="classes-container-asignaturas-nuevoIngresoForm">
                                <!-- ciencias economicas -->
                                <div class="asignaturas-container-nuevoIngresoForm">
                                    <div class="class-name-asignaturas-container-nuevoIngresoForm">
                                        <span class="class-asignaturas-container-nuevoIngresoForm">Ciencias Económicas y Administrativas</span>
                                    </div>
                                    <div class="hr-container-nuevoIngresoForm">
                                        <hr class="hr-nuevoIngresoForm"/>
                                    </div>
                                    <div class="checkbox-container-nuevoIngresoForm">
                                        <div class="class-container-nuevoIngresoForm">
                                            <input class="input-checkBox-nuevoIngresoForm" type="checkbox" id="checkboxAdministracionEmpresas" name="checkboxAdministracionEmpresas"/>
                                            <label class="label-class-nuevoIngresoForm">Administración de Empresas</label>
                                        </div>
                                        <div class="class-container-nuevoIngresoForm">
                                            <input class="input-checkBox-nuevoIngresoForm" type="checkbox" id="checkboxContaduriaPublica" name="checkboxContaduriaPublica" />
                                            <label class="label-class-nuevoIngresoForm">Contaduría Pública</label>
                                        </div>
                                    </div>
                                </div>
                                
                                <!-- ciencias de la salud -->
                                <div class="asignaturas-container-nuevoIngresoForm">
                                    <div class="class-name-asignaturas-container-nuevoIngresoForm">
                                        <span class="class-asignaturas-container-nuevoIngresoForm">Ciencias de la Salud</span>
                                    </div>
                                    <div class="hr-container-nuevoIngresoForm">
                                        <hr class="hr-nuevoIngresoForm"/>
                                    </div>
                                    <div class="checkbox-container-nuevoIngresoForm">
                                        <div class="class-container-nuevoIngresoForm">
                                            <input class="input-checkBox-nuevoIngresoForm" type="checkbox" id="checkboxMedicinaGeneralNaturoOrtopatica" name="checkboxMedicinaGeneralNaturoOrtopatica" />
                                            <label class="label-class-nuevoIngresoForm">Medicina General Naturo-Ortopatica</label>
                                        </div>
                                        <div class="class-container-nuevoIngresoForm">
                                            <input class="input-checkBox-nuevoIngresoForm" type="checkbox" id="checkboxEnfermeria" name="checkboxEnfermeria" />
                                            <label class="label-class-nuevoIngresoForm">Enfermería</label>
                                        </div>
                                    </div>
                                </div>

                                <!-- educacion artes y humanidades -->
                                <div class="asignaturas-container-nuevoIngresoForm">
                                    <div class="class-name-asignaturas-container-nuevoIngresoForm">
                                        <span class="class-asignaturas-container-nuevoIngresoForm">Educaión Artes y Humanidades</span>
                                    </div>
                                    <div class="hr-container-nuevoIngresoForm">
                                        <hr class="hr-nuevoIngresoForm"/>
                                    </div>
                                    <div class="checkbox-container-nuevoIngresoForm">
                                        <div class="class-container-nuevoIngresoForm">
                                            <input class="input-checkBox-nuevoIngresoForm" type="checkbox" id="checkboxCienciasNaturales" name="checkboxCienciasNaturales"/>
                                            <label class="label-class-nuevoIngresoForm">Ciencias Naturales</label>
                                        </div>
                                        <div class="class-container-nuevoIngresoForm">
                                            <input class="input-checkBox-nuevoIngresoForm" type="checkbox" id="checkboxCienciasSociales" name="checkboxCienciasSociales" />
                                            <label class="label-class-nuevoIngresoForm">Ciencias Sociales</label>
                                        </div>
                                        <div class="class-container-nuevoIngresoForm">
                                            <input class="input-checkBox-nuevoIngresoForm" type="checkbox" id="checkboxFisicaMatematicas" name="checkboxFisicaMatematicas" />
                                            <label class="label-class-nuevoIngresoForm">Fisica Matemática</label>
                                        </div>
                                        <div class="class-container-nuevoIngresoForm">
                                            <input class="input-checkBox-nuevoIngresoForm" type="checkbox" id="checkboxIngles" name="checkboxIngles" />
                                            <label class="label-class-nuevoIngresoForm">Ingles</label>
                                        </div>
                                    </div>
                                </div>
                            </section>

                            <div class="btn-container-nuevoIngresoForm">
                                <button class="btn-back-nuevoIngresoForm" t-on-click="backToWelcome">Regresar</button>
                                <button class="btn-save-nuevoIngresoForm">Guardar</button>
                            </div>
                        </div>
                    </div>
                </div>
            </article>
        </section>
    </t>
</templates>