<?xml version="1.0" encoding="UTF-8"?>
<templates xml:space="preserve" id="principal" name="owl.Principal">
    <t t-name="owl.Principal" owl="1">
        <section class="father-container-principal">
            <article class="son-container-principal">
                <div class="first-box-container-principal">
                    <img class="img-first-box-principal" src="/unm_system/static/src/img/principal/principal_logo.jpeg" alt=""/>
                </div>
                <div class="second-box-container-principal">
                    <div class="data-information-container-principal">
                        <div class="img-container-second-box-container-principal">
                            <img class="img-logo-second-box-container-principal" src="/unm_system/static/src/img/unm_logo.png" alt=""/>
                        </div>

                        <div class="fields-container-principal">
                            <div class="data-fields-container-principal">
                                <h2 class="welcome-title-fields-container-principal">Hola, Bienvenido</h2>
                                <p class="subtitle-fields-container-principal">Seleccione su tipo de Ingreso</p>
                                <div class="kinds-of-students-fields-container-principal">
                                    <button class="btn-kinds-of-students-fields-container-principal" t-on-click="toReingreso">
                                        <img class="img-kinds-of-students-fields-container-principal" src="/unm_system/static/src/img/principal/icon/nuevo_ingreso_icon.jpeg" alt=""/>
                                        <p class="p-asd-span-btn2-kinds-of-students-fields-container-principal">
                                            <span class="title-field-student-fields-container-principal">Nuevo Ingreso</span>
                                        </p>
                                        <div class="icon2-container-principal">
                                            <img class="img-icon-container-principal" src="/unm_system/static/src/img/principal/icon/arrow_icon.jpeg" alt="" />
                                        </div>
                                    </button>

                                    <button class="btn2-kinds-of-students-fields-container-principal" t-on-click="toReingreso">
                                        <img class="img-kinds-of-students-fields-container-principal" src="/unm_system/static/src/img/principal/icon/reingreso_icon.jpeg" alt=""/>
                                        <p class="p-asd-span-btn2-kinds-of-students-fields-container-principal">
                                            <span class="title-field-student-fields-container-principal">Reingreso</span>
                                        </p>
                                            <div class="icon-container-principal">
                                            <img class="img-icon-container-principal" src="/unm_system/static/src/img/principal/icon/arrow_icon.jpeg" alt="" />
                                        </div>
                                    </button>
                                </div>
                            </div>
                        </div>
                    </div>
                </div>
            </article>
        </section>
    </t>
</templates>