<?xml version="1.0" encoding="UTF-8"?>
<templates xml:space="preserve" id="reingresoXml" name="owl.Reingreso">
    <t t-name="owl.Reingreso" owl="1">
        <section class="father-container-reingreso">
            <article class="son-container-reingreso">
                <div class="navmenu-container-reingreso">
                    <div class="img-container-navmenu-reingreso">
                        <img class="img-navmenu-reingreso" src="/unm_system/static/src/img/unm_navMenu_logo.jpeg" alt=""/>
                    </div>
                    <div class="p-container-navmenu-reingreso">
                        <h3 class="log-navmenu-reingreso">Menu</h3>
                        <div class="hr-container-reingreso">
                            <hr class="hr-line-navmenu-reingreso"/>
                        </div>
                    </div>
                    <ul class="ul-container-navmenu-reingreso">
                        <li t-on-click="showPersonalInformation" class="li-navmenu-reingreso activeReingreso">
                            <img class="icn-navmenu-reingreso" src="/unm_system/static/src/img/reingreso/icon/user.png" alt=""/>
                            <span>
                                Perfil
                            </span>
                        </li>
                        <li t-on-click="showStudentsInscription" class="li-navmenu-reingreso">
                            <img class="icn-navmenu-reingreso" src="/unm_system/static/src/img/reingreso/icon/books.png" alt=""/>
                            <span>
                                Inscripción
                            </span>
                        </li>
                    </ul>
                    <div class="p-container-navmenu-reingreso">
                        <h3 class="log-navmenu-reingreso">Help</h3>
                        <div class="hr-container-reingreso">
                            <hr class="hr-line-navmenu-reingreso"/>
                        </div>
                    </div>
                    <ul class="ul-container-navmenu-reingreso">
                        <li class="li-navmenu-reingreso">
                            <img class="icn-navmenu-reingreso" src="/unm_system/static/src/img/reingreso/icon/icn_mail.png" alt=""/>
                            <span>
                                Soporte
                            </span>
                        </li>
                        <li class="li-navmenu-reingreso">
                            <img class="icn-navmenu-reingreso" src="/unm_system/static/src/img/reingreso/icon/icn_settings.png" alt=""/>
                            <span>
                                Configuración
                            </span>
                        </li>
                        <li class="li-navmenu-reingreso" t-on-click="logOutReingreso">
                            <img class="icn-navmenu-reingreso" src="/unm_system/static/src/img/reingreso/icon/icn_logOut.png" alt=""/>
                            <span>
                                Cerrar Sesión
                            </span>
                        </li>
                    </ul>
                </div>

                <div id="personalInformationContainer" class="information-container-reingreso">
                    <div id="change-container-reingreso">
                        <p class="p-container-reingreso">
                            <span class="welcome-span-p-container-reingreso">Bienvenido,</span>
                            <span t-if="studentName.current" class="welcome-span2-p-container-reingreso">
                                <t t-esc="studentName.current"/>
                            </span>
                        </p>
                        <div class="information-container-container-reingreso">
                            <div class="padding-information-container-reingreso">
                                <div class="box-1-title-logo-container-reingreso">
                                    <p class="p-container-information-container-reingreso">
                                        <span class="span-information-container-reingreso">Información del Estudiante</span>
                                    </p>
    
                                    <div class="img-container-information-reingreso">
                                        <img class="img-information-reingreso" src="/unm_system/static/src/img/unm_logo.png" alt=""/>
                                    </div>
                                </div>
    
                                <article class="input-container-student-data-container-reingreso">
                                    <div class="input-student-data-container-reingreso">
                                        <div class="span-position-container-reingreso">
                                            <span class="span-student-container-reingreso">Carrera</span>
                                        </div>  

                                        <input class="data-student-input-container-reingreso" id="carreraStudent" name="carreraStudent" type="text" placeholder="Ingenieria en Sistema" disabled="True"/>
                                        <div class="span-position-container-reingreso">
                                            <span class="span-student-container-reingreso">Cedula</span>
                                        </div>    

                                        <input class="data-student-input-container-reingreso" id="cedulaStudent" name="cedulaStudent" type="text" placeholder="001-123456789-1A" disabled="True"/>
                                        <div class="span-position-container-reingreso">
                                            <span class="span-student-container-reingreso">Celular</span>
                                        </div>   

                                        <input class="data-student-input-container-reingreso" id="telefonoStudent" name="telefonoStudent" type="text" placeholder="123456789" disabled="True"/>
                                    </div>
                                    <div class="input2-student-data-container-reingreso">
                                        <div class="span-position-container-reingreso">
                                            <span class="span-student-container-reingreso">Turno</span>
                                        </div>  

                                        <input class="data-student-input-container-reingreso" id="shiftStudent" name="shiftStudent" type="text" placeholder="Matutino" disabled="True"/>
                                        <div class="span-position-container-reingreso">
                                            <span class="span-student-container-reingreso">Nombre Completo</span>
                                        </div>   

                                        <input class="data-student-input-container-reingreso" id="nameStudent" name="nameStudent" type="text" placeholder="Chayanne de Pochomil" disabled="True"/>
                                        <div class="span-position-container-reingreso">
                                            <span class="span-student-container-reingreso">Correo</span>
                                        </div>   
                                         
                                        <input class="data-student-input-container-reingreso" id="correoStudent" name="correoStudent" type="text" placeholder="chayanne@unm.edu.ni" disabled="True"/>
                                    </div>
                                </article>
                                <div class="btn-updateInformation-input-container-student-data-container-reingreso">
                                    <button class="btn-update-information-student-data-container-reingreso" t-on-click="showUpdateForm">Actualizar Datos</button>
                                </div>
                            </div>
                        </div>
                    </div>
    
                    <div id="update-container-reingreso" class="hidden-update-container">
                        <!-- Contenido del nuevo contenedor oculto -->
                        <div class="title-update-container-reingreso">
                            <p class="p-tiltle-container-update-container-reingreso">
                                <span class="span-title-update-container-reingreso">ACTUALICE SU</span><span class="span2-title-update-container-reingreso"> INFORMACIÓN</span>
                            </p>
                        </div>
                        <article class="inputs-update-container-reingreso">
                            <article class="scroll-inputs-update-container-reingreso">
                                <!-- personal datas -->
                                <div class="box1-container-inputs-update-container-reingreso">
                                    <span class="title-box1-container-inputs-update-container-reingreso">
                                        Datos Personales
                                    </span>
                                    <div class="img-container-inputs-update-container-reingreso">
                                        <img class="img-box2-container-inputs-update-container-reingreso" src="/unm_system/static/src/img/unm_logo.png" alt="" />
                                    </div>
                                </div>
    
                                <div class="data-student-container-update-container-reingreso">
                                    <div class="data-student-container-input-student-data-container-reingreso">

                                        
                                        <div class="span-position-general-inputs-container-reingreso">
                                            <span class="span-student-container-reingreso">Universidad Grado</span>
                                        </div>
                                        <input class="data-student-input-container-reingreso" id="universidadGradoStudent" name="universidadGradoStudent" type="text"/>
                                        
                                                                                
                                        <div class="span-position-general-inputs-container-reingreso">
                                            <span class="span-student-container-reingreso">Numero de Documento</span>
                                        </div>
                                        <input class="data-student-input-container-reingreso" id="numeroDocumentoStudent" name="numeroDocumentoStudent" type="text"/>

                                        <div class="span-position-general-inputs-container-reingreso">
                                            <span class="span-student-container-reingreso">Primer Nombre</span>
                                        </div>
                                        <input class="data-student-input-container-reingreso" id="primerNombre" name="primerNombre" type="text" />


                                        <div class="span-position-general-inputs-container-reingreso">
                                            <span class="span-student-container-reingreso">Zona Procedencia</span>
                                        </div>
                                        <select class="data-student-input-container-reingreso" id="zonaProcedenciaStudent" name="zonaProcedenciaStudent">
                                            <option value=""></option>
                                        </select>

                                        <div class="span-position-general-inputs-container-reingreso">
                                            <span class="span-student-container-reingreso">Tipo Entidad</span>
                                        </div>
                                        <select class="data-student-input-container-reingreso" id="tipoEntidadStudent" name="tipoEntidadStudent">
                                            <option value=""></option>
                                        </select>

                                        <div class="span-position-general-inputs-container-reingreso">
                                            <span class="span-student-container-reingreso">Sexo</span>
                                        </div>
                                        <select class="data-student-input-container-reingreso" id="sexoStudent" name="sexoStudent">
                                            <option value=""></option>
                                        </select>

                                        <div class="span-position-general-inputs-container-reingreso">
                                            <span class="span-student-container-reingreso">Pais Origen</span>
                                        </div>
                                        <select class="data-student-input-container-reingreso" id="paisOrigenStudent" name="paisOrigenStudent">
                                            <option class="scroll-container-paises-reingreso" value=""></option>
                                        </select>


                                        <div class="span-position-general-inputs-container-reingreso">
                                            <span class="span-student-container-reingreso">Municipio Origen</span>
                                        </div>
                                        <select class="data-student-input-container-reingreso" id="municipioOrigenStudent" name="municipioOrigenStudent">
                                            <option value=""></option>
                                        </select>


                                        <div class="span-position-general-inputs-container-reingreso">
                                            <span class="span-student-container-reingreso">Etnia</span>
                                        </div>
                                        <select class="data-student-input-container-reingreso" id="etniaStudent" name="etniaStudent">
                                            <option value=""></option>
                                        </select>

                                        <div class="span-position-general-inputs-container-reingreso">
                                            <span class="span-student-container-reingreso">Centro Secundaria</span>
                                        </div>
                                        <select class="data-student-input-container-reingreso" id="centroSecundariaStudent" name="centroSecundariaStudent">
                                            <option value=""></option>
                                        </select>

                                        <div class="span-position-general-inputs-container-reingreso">
                                            <span class="span-student-container-reingreso">Fecha de Nacimiento</span>
                                        </div>
                                        <input class="data-student-input-container-reingreso" id="fechaNacimientoStudent" name="fechaNacimientoStudent" type="date"/>

                                        <div class="span-position-general-inputs-container-reingreso">
                                            <span class="span-student-container-reingreso">Codigo Unico</span>
                                        </div>
                                        <input class="data-student-input-container-reingreso" id="codigoUnicoStudent" name="codigoUnicoStudent" type="text"/>

                                        <div class="span-position-general-inputs-container-reingreso">
                                            <span class="span-student-container-reingreso">Correo Institucional</span>
                                        </div>
                                        <input class="data-student-input-container-reingreso" id="correoInstitucionalStudent" name="correoInstitucionalStudent" type="text"/>

                                        <div class="span-position-general-inputs-container-reingreso">
                                            <span class="span-student-container-reingreso">Correo</span>
                                        </div>
                                        <input class="data-student-input-container-reingreso" id="correoStudent" name="correoStudent" type="text"/>

                                        <div class="span-position-general-inputs-container-reingreso">
                                            <span class="span-student-container-reingreso">Primer Apellido</span>
                                        </div>
                                        <input class="data-student-input-container-reingreso" id="primerApellido1Student" name="primerApellido1Student" type="text"/>

                                        <div class="span-position-general-inputs-container-reingreso">
                                            <span class="span-student-container-reingreso">Segundo Apellido</span>
                                        </div>
                                        <input class="data-student-input-container-reingreso" id="segundoApellidoStudent" name="segundoApellidoStudent" type="text"/>

                                        

                                        <!--
                                        <div class="span-position-general-inputs-container-reingreso">
                                            <span class="span-student-container-reingreso">Segundo Nombre</span>
                                        </div>
                                        <input class="data-student-input-container-reingreso" id="segundoNombre" name="segundoNombre" type="text" placeholder="Ingrese su Segundo Nombre"/>

                                        <div class="span-position-general-inputs-container-reingreso">
                                            <span class="span-student-container-reingreso">Primer Apellido</span>
                                        </div>
                                        <input class="data-student-input-container-reingreso" id="primerApellidoStudent" name="primerApellidoStudent" type="text" placeholder="Ingrese su Primer Apellido"/>
                                        
                                        <div class="span-position-general-inputs-container-reingreso">
                                            <span class="span-student-container-reingreso">Segundo Apellido</span>
                                        </div>
                                        <input class="data-student-input-container-reingreso" id="segundoApellidoStudent" name="segundoApellidoStudent" type="text" placeholder="Ingrese su Segundo Apellido"/>
                                        
                                        <div class="span-position-general-inputs-container-reingreso">
                                            <span class="span-student-container-reingreso">Tipo de Documento</span>
                                        </div>
                                        <input class="data-student-input-container-reingreso" id="tipoDocumentoStudent" name="tipoDocumentoStudent" type="text" placeholder="Ingrese su Tipo de Documento"/>

                                        <div class="span-position-general-inputs-container-reingreso">
                                            <span class="span-student-container-reingreso">Número de Cédula</span>
                                        </div>
                                        <input class="data-student-input-container-reingreso" id="numeroCedulaStudent" name="numeroCedulaStudent" type="text" placeholder="Ingrese su Número de Cédula"/>

                                        <div class="span-position-general-inputs-container-reingreso">
                                            <span class="span-student-container-reingreso">Sexo</span>
                                        </div>
                                        <input class="data-student-input-container-reingreso" id="sexoStudent" name="sexoStudent" type="text" placeholder="Ingrese su Sexo"/>

                                        <div class="span-position-general-inputs-container-reingreso">
                                            <span class="span-student-container-reingreso">Fecha de Nacimiento</span>
                                        </div>
                                        <input class="data-student-input-container-reingreso" id="fechaNacimientoStudent" name="fechaNacimientoStudent" type="date" placeholder="Ingrese su Fecha de Nacimiento"/>

                                        <div class="span-position-general-inputs-container-reingreso">
                                            <span class="span-student-container-reingreso">Edad</span>
                                        </div>
                                        <input class="data-student-input-container-reingreso" id="edadStudent" name="edadStudent" type="text" placeholder="Ingrese su Edad"/>

                                        <div class="span-position-general-inputs-container-reingreso">
                                            <span class="span-student-container-reingreso">Nacionalidad</span>
                                        </div>
                                        <input class="data-student-input-container-reingreso" id="nacionalidadStudent" name="nacionalidadStudent" type="text" placeholder="Ingrese su Nacionalidad"/>

                                        <div class="span-position-general-inputs-container-reingreso">
                                            <span class="span-student-container-reingreso">País de Procedencia</span>
                                        </div>
                                        <input class="data-student-input-container-reingreso" id="paisProcedenciaStudent" name="paisProcedenciaStudent" type="text" placeholder="Ingrese su Pais de Procedencia"/>

                                        <div class="span-position-general-inputs-container-reingreso">
                                            <span class="span-student-container-reingreso">Etnia</span>
                                        </div>
                                        <input class="data-student-input-container-reingreso" id="etniaStudent" name="etniaStudent" type="text" placeholder="Ingrese su Etnia"/>

                                        <div class="span-position-general-inputs-container-reingreso">
                                            <span class="span-student-container-reingreso">Departamento de Procedencia</span>
                                        </div>
                                        <input class="data-student-input-container-reingreso" id="departamentoProcedenciaStudent" name="departamentoProcedenciaStudent" type="text" placeholder="Ingrese su Sexo"/>

                                        <div class="span-position-general-inputs-container-reingreso">
                                            <span class="span-student-container-reingreso">Municipio de Procedencia</span>
                                        </div>
                                        <input class="data-student-input-container-reingreso" id="municipioProcedenciaStudent" name="municipioProcedenciaStudent" type="text" placeholder="Ingrese su Municipio de Procedencia"/>
                                        -->

                                    </div>
                                    <div class="data-student-container-input2-student-data-container-reingreso">
                                        <!--
                                        <div class="span-position-general-inputs-container-reingreso">
                                            <span class="span-student-container-reingreso">Celular</span>
                                        </div>    
                                        <input class="data-student-input-container-reingreso" id="celularStudent" name="celularStudent" type="tel" placeholder="Ingrese su Celular"/>
                                        
                                        <div class="span-position-general-inputs-container-reingreso">
                                            <span class="span-student-container-reingreso">Correo Personal</span>
                                        </div>
                                        <input class="data-student-input-container-reingreso" id="correoPersonalStudent" name="correoPersonalStudent" type="email" placeholder="Ingrese su Correo Personal"/>
    
                                        <div class="span-position-general-inputs-container-reingreso">
                                            <span class="span-student-container-reingreso">Zona de Procedencia</span>
                                        </div>
                                        <select class="data-student-input-container-reingreso" id="zonaProcedenciaStudent" name="zonaProcedenciaStudent">
                                            <option value=""></option>
                                            <option value=""></option>
                                        </select>

                                        <div class="span-position-general-inputs-container-reingreso">
                                            <span class="span-student-container-reingreso">Estado Civil</span>
                                        </div>
                                        <input class="data-student-input-container-reingreso" id="estadoCivilStudent" name="estadoCivilStudent" type="text" placeholder="Ingrese su Estado Civil"/>

                                        <div class="span-position-general-inputs-container-reingreso">
                                            <span class="span-student-container-reingreso">Número de Hijos</span>
                                        </div>
                                        <input class="data-student-input-container-reingreso" id="numeroHijosStudent" name="numeroHijosStudent" type="text" placeholder="Ingrese su Número de Hijos"/>

                                        <div class="span-position-general-inputs-container-reingreso">
                                            <span class="span-student-container-reingreso">Condición Laboral</span>
                                        </div>
                                        <select class="data-student-input-container-reingreso" id="condicionLaboral" name="condicionLaboral">
                                            <option value="trabaja">Trabaja</option>
                                            <option value="no_trabaja">No trabaja</option>
                                        </select>

                                        <div class="span-position-general-inputs-container-reingreso">
                                            <span class="span-student-container-reingreso">Ocupación</span>
                                        </div>
                                        <input class="data-student-input-container-reingreso" id="ocupacionStudent" name="ocupacionStudent" type="text" placeholder="Ingrese su Ocupación"/>

                                        <div class="span-position-general-inputs-container-reingreso">
                                            <span class="span-student-container-reingreso">Discapacidad</span>
                                        </div>
                                        <input class="data-student-input-container-reingreso" id="discapacidadStudent" name="discapacidadStudent" type="text" placeholder="Ingrese su Discapacidad"/>

                                        <div class="span-position-general-inputs-container-reingreso">
                                            <span class="span-student-container-reingreso">Dominio de Idioma</span>
                                        </div>
                                        <select class="data-student-input-container-reingreso" id="dominioDeIdioma" name="dominioDeIdioma">
                                            <option value="dominioSi">Si</option>
                                            <option value="dominioNo">No</option>
                                        </select>

                                        <div class="span-position-general-inputs-container-reingreso">
                                            <span class="span-student-container-reingreso">Nombre del Idioma</span>
                                        </div>
                                        <input class="data-student-input-container-reingreso" id="nombreIdiomaStudent" name="nombreIdiomaStudent" type="text" placeholder="Ingrese el Idioma"/>

                                        <div class="span-position-general-inputs-container-reingreso">
                                            <span class="span-student-container-reingreso">Nivel Alcanzado</span>
                                        </div>
                                        <select class="data-student-input-container-reingreso" id="nivelAlcanzadoIdioma" name="nivelAlcanzadoIdioma">
                                            <option value="nivelBasico">Basico</option>
                                            <option value="nivelMedio">Medio</option>
                                            <option value="nivelAvanzado">Avanzado</option>
                                        </select>

                                        <div class="span-position-general-inputs-container-reingreso">
                                            <span class="span-student-container-reingreso">Dispositivo Inteligente</span>
                                        </div>
                                        <input class="data-student-input-container-reingreso" id="dispositivoInteligenteStudent" name="dispositivoInteligenteStudent" type="text" placeholder="Ingrese su Dispositivo Inteligente"/>

                                        <div class="span-position-general-inputs-container-reingreso">
                                            <span class="span-student-container-reingreso">Tipo de Conexión</span>
                                        </div>
                                        <select class="data-student-input-container-reingreso" id="tipoConexion" name="tipoConexion">
                                            <option value="conexionAmbas">Ambas</option>
                                            <option value="conexionMovil">Móvil</option>
                                            <option value="conexionFija">Fija</option>
                                        </select>

                                        <div class="span-position-general-inputs-container-reingreso">
                                            <span class="span-student-container-reingreso">Empresa de Internet</span>
                                        </div>
                                        <input class="data-student-input-container-reingreso" id="empresaInternetStudent" name="empresaInternetStudent" type="text" placeholder="Ingrese su Empresa de Internet"/>
                                        -->
                                    </div>
                                </div>

                                <!-- school datas -->
                                <div class="box1-container-inputs-update-container-reingreso">
                                    <h1 class="title-box1-container-inputs-update-container-reingreso">
                                        Datos Escolares
                                    </h1>
                                    <div class="img-container-inputs-update-container-reingreso">
                                        <img class="img-box2-container-inputs-update-container-reingreso" src="/unm_system/static/src/img/unm_logo.png" alt="" />
                                    </div>
                                </div>
    
                                <div class="data-student-container-update-container-reingreso">
                                    <div class="data-student-container-input-student-data-container-reingreso">
                                        
                                        <div class="span-position-general-inputs-container-reingreso">
                                            <span class="span-student-container-reingreso">Código Estudiantil</span>
                                        </div>
                                        <input class="data-student-input-container-reingreso" id="codigoEstudiantilStudent" name="codigoEstudiantilStudent" type="text" placeholder="Ingrese su Código Estudiantil"/>
    
                                        <div class="span-position-general-inputs-container-reingreso">
                                            <span class="span-student-container-reingreso">Centro Secundaria</span>
                                        </div>
                                        <input class="data-student-input-container-reingreso" id="centroSecundariaStudent" name="centroSecundariaStudent" type="text" placeholder="Ingrese su Centro de Secundaria"/>
                                        
                                    </div>
                                </div>
    
                                <!-- university datas -->
                                <div class="box1-container-inputs-update-container-reingreso">
                                    <h1 class="title-box1-container-inputs-update-container-reingreso">
                                        Datos Universitarios
                                    </h1>
                                    <div class="img-container-inputs-update-container-reingreso">
                                        <img class="img-box2-container-inputs-update-container-reingreso" src="/unm_system/static/src/img/unm_logo.png" alt="" />
                                    </div>
                                </div>
    
                                <div class="data-student-container-update-container-reingreso">
                                    <div class="data-student-container-input-student-data-container-reingreso">
                                        <!--
                                        <div class="span-position-general-inputs-container-reingreso">
                                            <span class="span-student-container-reingreso">Sede Universitaria</span>
                                        </div>
                                        <select class="data-student-input-container-reingreso" id="sedeUniversitaria" name="sedeUniversitaria">
                                            <option value="sedeCruCarazo">Centro Regional Universitario-Carazo</option>
                                            <option value="sedeCurRivas">Centro Universitario Regional Rivas</option>
                                            <option value="sedeBoaco">Boaco</option>
                                            <option value="sedeChinandega">Chinandega</option>
                                            <option value="sedeEsteli">Estelí</option>
                                            <option value="sedeGranada">Granada</option>
                                            <option value="sedeJinotega">Jinotega</option>
                                            <option value="sedeJuigalpa">Juigalpa</option>
                                            <option value="sedeMatagalpa">Matagalpa</option>
                                            <option value="sedeMasaya">Masaya</option>
                                            <option value="sedeRioSanJuan">Rio San Juan</option>
                                            <option value="sedeR1RicardoMoralesAviles">Recinto 1 - Ricardo Morales Avilés</option>
                                            <option value="sedeR2PabloUbeda">Recinto 2 - Pablo Úbeda</option>
                                            <option value="sedeR4AngelicaMoralesAviles">Recinto 4 - Angélica Morales Avilés</option>
                                            <option value="sedeRecintoMujeresCua">Recinto Universitario Las Mujeres del Cuá</option>
                                        </select>
    
                                        <div class="span-position-general-inputs-container-reingreso">
                                            <span class="span-student-container-reingreso">Departamento Sede</span>
                                        </div>    
                                        <input class="data-student-input-container-reingreso" id="departamentoSedeStudent" name="departamentoSedeStudent" type="text" placeholder="Departamento Sede"/>

                                        <div class="span-position-general-inputs-container-reingreso">
                                            <span class="span-student-container-reingreso">Municipio Sede</span>
                                        </div>
                                        <input class="data-student-input-container-reingreso" id="municipioSedeStudent" name="municipioSedeStudent" type="text" placeholder="Municipio Sede"/>

                                        <div class="span-position-general-inputs-container-reingreso">
                                            <span class="span-student-container-reingreso">Tipo de Formación</span>
                                        </div>    
                                        <input class="data-student-input-container-reingreso" id="tipoFormacionSedeStudent" name="tipoFormacionSedeStudent" type="text" placeholder="Formación"/>

                                        <div class="span-position-general-inputs-container-reingreso">
                                            <span class="span-student-container-reingreso">Nivel Fp</span>
                                        </div>    
                                        <input class="data-student-input-container-reingreso" id="nivelFpStudent" name="nivelFpStudent" type="text" placeholder="Nivel Fp"/>
                                        -->
                                    </div>
    
                                    <div class="data-student-container-input2-student-data-container-reingreso">
                                        <!-- 
                                        <div class="span-position-general-inputs-container-reingreso">
                                            <span class="span-student-container-reingreso">Carrera</span>
                                        </div>
                                        <input class="data-student-input-container-reingreso" id="carreraStudent" name="carreraStudent" type="text" placeholder="Carrera"/>

                                        <div class="span-position-general-inputs-container-reingreso">
                                            <span class="span-student-container-reingreso">Año Académico</span>
                                        </div>
                                        <select class="data-student-input-container-reingreso" id="añoAcademico" name="añoAcademico">
                                            <option value="añoAcademicoSegundoAño">Segundo Año</option>
                                            <option value="añoAcademicoTercerAño">Tecer Año</option>
                                            <option value="añoAcademicoCuartoAño">Cuarto Año</option>
                                            <option value="añoAcademicoQuintoAño">Quinto Año</option>
                                        </select>

                                        <div class="span-position-general-inputs-container-reingreso">
                                            <span class="span-student-container-reingreso">Modalidad</span>
                                        </div>    
                                        <select class="data-student-input-container-reingreso" id="modalidad" name="modalidad">
                                            <option value="modalidadPresencial">Presencial</option>
                                            <option value="modalidadSemipresencial">Semipresencial</option>
                                        </select>

                                        <div class="span-position-general-inputs-container-reingreso">
                                            <span class="span-student-container-reingreso">Régimen</span>
                                        </div>
                                        <select class="data-student-input-container-reingreso" id="regimen" name="regimen">
                                            <option value="regimenCuatrimestral">Cuatrimestral</option>
                                            <option value="regimenCuatrimestre">Cuatrimestre</option>
                                            <option value="regimmenSemestral">Semestral</option>
                                        </select>

                                        <div class="span-position-general-inputs-container-reingreso">
                                            <span class="span-student-container-reingreso">Turno</span>
                                        </div>
                                        <select class="data-student-input-container-reingreso" id="turno" name="turno">
                                            <option value="turnoMatutino">Matutino</option>
                                            <option value="turnoSabatino">Sabatino</option>
                                            <option value="turnoDominical">Dominical</option>
                                            <option value="turnoDiurno">Diurno</option>
                                        </select>
                                        -->
                                    </div>
                                </div>
    
                                <!-- btns -->
                                <div class="actions-btns-container-data-student-container-reingreso">
                                    <button class="cancel-btn-actions-container-data-student-reingreso" t-on-click="showOriginalContent">Cancelar</button>
                                    <button class="update-btn-actions-container-data-student-reingreso" t-on-click="updateInformation">Guardar</button>
                                </div>
                            </article>
                        </article>
                    </div>
                </div>

                <!-- inscription container -->
                <div id="studensInscriptionContainer" class="hidden2-update-container">
                    <p class="p-container-hidden2-update-container-reingreso">
                        <span class="span-hidden2-update-container-reingreso">INSCRIPCION DE ASIGNATURAS</span><span class="span2-hidden2-update-container-reingreso"> DE SEGUNDO SEMESTRE</span><span class="span3-hidden2-update-container-reingreso"> 2024</span>
                    </p>
                    <div class="box-container-hidden2-update-container-reingreso">
                        <span class="title-box-container-hidden2-update-container-reingreso">
                            Seleccione las Asignaturas a Inscribir
                        </span>
                        <div class="img-container-ihidden2-update-container-reingreso">
                            <img class="img-box-container-hidden2-update-container-reingreso" src="/action_principal/static/src/img/unm_logo.png" alt="" />
                        </div>
                    </div>
                </div>
            </article>   
        </section>
    </t>  
</templates>